image_name,blur_score,brightness,contrast,edge_count,damage_percent,restoration_cost
07_RESTORATION_BEFORE.png,1532.876678,136.90271,82.43373597,4140,8.28,249.0519429
alex-before.jpg,804.0653803,87.15715027,41.09946946,3257,6.514,196.6621351
angel.jpg,469.0781463,147.3530273,44.1945592,2796,5.592,169.8873059
ArchimedesConservation_05-before.png,701.2456482,58.59036255,34.79970171,2803,5.606,169.6040031
arena-before.jpg,89.401504,85.31228638,18.23227395,635,1.27,49.16176287
arkansas-before.png,416.1920237,133.8993835,28.70172166,4498,8.996,272.2769778
artrestoration_before.png,1185.195678,135.9689484,62.73306202,5483,10.966,329.8230312
avant-apres-Loquidy-before.png,3064.281313,136.6894531,40.00509759,11291,22.582,677.7862343
baby-before.png,993.322836,95.62864685,53.16520729,8371,16.742,503.2657096
baby_before.png,80.4977142,139.784668,27.60897852,1558,3.116,105.7502828
Before-.png,6023.58599,99.67895508,45.45950682,16246,32.492,974.9259865
Before-and-after-Salvador-Mundi-before.png,8283.818869,59.27549744,48.0355568,11901,23.802,714.1807027
before-and-after-treatment-oil-on-canvas-before.png,1610.469039,86.81852722,40.8978142,5722,11.444,343.9405518
before.png,189.6679067,104.4644012,37.59175805,2032,4.064,127.1647211
beforelady.png,565.1045799,97.99832153,71.07160797,3839,7.678,232.1064581
before_painting.png,546.2230815,88.28486633,71.05951773,6398,12.796,385.7074083
blue-before.jpg,340.9138342,79.86668396,34.93509393,5877,11.754,355.5447135
bonnet-lady-before.png,105.8210096,128.7671356,42.61589768,921,1.842,64.62145431
boston_oil_before.png,290.485112,69.83448792,35.06603435,3323,6.646,202.810707
Botticelli-before.png,1423.253412,104.5919037,66.12528804,6066,12.132,364.6621222
cherain-bros-before.png,741.286865,114.4927063,23.90595592,4030,8.06,243.1471881
child-before.jpg,1075.109335,47.69419861,29.13296241,1048,2.096,63.8092736
chopin-before.jpg,3517.417257,99.74559021,39.98163741,13784,27.568,827.3242187
chopin_before.png,5936.979628,95.3793335,40.337482,13735,27.47,824.2684074
christ-before.jpg,120.2398225,17.7038269,12.79478177,537,1.074,40.46811501
christ2-before.jpg,589.0458878,88.37208557,27.75267379,1200,2.4,73.69478344
christ3-before.jpg,779.6202354,100.7207336,26.1511085,4194,8.388,252.9210326
christ4-before.jpg,4884.010397,67.21299744,50.61279206,5564,11.128,334.0447079
christ_before.png,597.0600715,98.9666748,22.97270813,3231,6.462,195.5320728
comparison-full-before.png,730.5479568,71.88845825,56.66827243,5370,10.74,323.5669644
crack-before.jpg,3104.410947,82.27742004,34.00068557,16591,33.182,995.7820186
cracked-painting-restoration-before.png,1059.057131,129.1927032,38.22802609,5606,11.212,337.3033454
crows-before.jpg,5421.412747,107.5385437,58.97798685,16962,33.924,1017.90442
curtain-before.jpg,239.0849489,70.97491455,47.4082856,2940,5.88,180.5651924
desc_img_02-0678372a15-before.png,510.9631299,165.2555084,50.56477002,5536,11.072,334.1132657
Doc8-page-001-before.png,4434.495508,119.3890228,55.87692208,15185,30.37,911.325454
Expert-Tips-for-Restoring-Old-or-Damaged-Family-Photographs-before.png,1294.384749,135.6076508,34.08057696,7818,15.636,469.8519714
face_with_piece_missing-before.png,817.637692,124.8961182,60.41827911,3545,7.09,213.9215416
family-before.jpg,1499.749204,93.91175842,33.48423982,8728,17.456,524.3463339
family-portrait-before.png,813.5725389,73.56181335,47.65046065,3076,6.152,185.7876378
family2-before.jpg,2447.050471,91.48902893,41.98166731,8440,16.88,506.8084883
family2-before.png,339.4752321,109.1374664,38.20822526,2240,4.48,137.3370712
fine-art-restoration-moisture-damaged-example-before.png,8236.199421,111.7676849,50.7259275,11958,23.916,717.6014005
flowers-before.jpg,839.019699,147.7771454,30.25822204,7659,15.318,460.7304483
gethe-before.jpg,303.233669,89.18452454,23.39396984,1054,2.108,66.52694718
girl-640w-before.png,236.5721015,129.7737274,50.52006353,2262,4.524,139.9292484
girl-before.jpg,411.707669,69.81900024,26.25766867,1619,3.238,99.56302258
goldi-before.jpg,717.5712541,85.19546509,39.25157951,3412,6.824,206.1116504
hat_before.png,287.573925,127.1616211,42.68722514,2470,4.94,151.6653166
henry-before.jpg,172.3563063,126.1790314,41.01944038,2116,4.232,132.7284662
horse-before.jpg,968.5608138,96.35516357,36.70038005,5225,10.45,314.5313948
image-1024686-before.png,468.8260696,88.2101593,57.86425134,3758,7.516,227.6084472
images-before.png,119.9890348,89.62615967,28.52579466,599,1.198,44.20521182
images1-before.png,20.60258316,111.8568573,19.43156286,21,0.042,47.55076036
images12-before.png,231.1729993,168.4989929,41.50491523,6822,13.644,413.6271331
imagesbr-before.png,339.4359478,143.7367554,42.3972503,6435,12.87,389.0374101
imagesbw-before.png,165.792147,99.69770813,55.4510497,4232,8.464,259.9154861
lady-before.png,4360.954517,103.9425507,71.0524284,9361,18.722,561.889255
lady1-before.jpg,163.1894188,38.63372803,32.93786459,1498,2.996,95.97052646
lady2-before.jpg,905.0936899,78.19329834,41.62738402,2949,5.898,178.0436386
lady3-before.jpg,1607.521251,93.92376709,46.17316833,3661,7.322,220.281689
lady4-before.jpg,2860.303945,87.8637085,40.37813944,7460,14.92,447.949491
lady5-before.jpg,1346.991836,52.05429077,29.0328091,3755,7.51,226.0418443
ladyy-before.jpg,834.7032841,150.1968231,53.32936396,11055,22.11,664.4965969
landscape1-before.jpg,690.093543,98.2663269,37.94105084,3000,6,181.4469821
landscape2-before.jpg,632.7069685,78.3427124,29.68439249,5210,10.42,314.1780164
landscape3-before.jpg,399.4570215,75.94665527,49.00165002,2552,5.104,155.6171469
landscape4-before.jpg,6026.660958,44.23043823,36.07202571,10708,21.416,642.6459018
landscape5-before.jpg,2435.695668,72.73677063,33.66902677,7767,15.534,466.4303918
last-before.jpg,2090.32736,111.9805145,42.23138814,12262,24.524,736.1981652
lee-before.jpg,1071.136903,93.98320007,27.33379074,1773,3.546,107.3127167
life-features_02_temp-before.png,1119.934643,88.28541565,37.49756712,6804,13.608,409.1321127
maam-before.jpg,424.467358,160.4425507,63.2063508,3037,6.074,184.5703566
madonna-before.jpg,1123.844466,79.42277527,62.92290699,5738,11.476,345.1690118
maid-before.jpg,340.8479505,104.4425201,37.84486393,2222,4.444,136.2452772
man-before.jpg,694.3303289,77.32569885,40.0260335,4451,8.902,268.4981654
man1-before.jpg,235.3012673,93.93981934,62.80662998,3405,6.81,208.5318859
man2-before.jpg,1030.978886,94.22724915,45.25112974,5869,11.738,353.1090121
man3-before.jpg,3156.265449,102.5823517,51.65406134,7289,14.578,437.6567298
man4-before.jpg,235.1694869,45.1473999,22.1108388,1133,2.266,72.21424725
man5-before.jpg,219.122608,129.9393463,58.38851372,1660,3.32,104.1429227
man_before.png,241.8305872,135.4499359,32.17933323,4683,9.366,285.0980974
marybefore.png,908.4956503,150.7969971,53.21878459,10958,21.916,658.5795105
momd-before.jpg,193.0752071,108.6352844,30.50483855,3789,7.578,232.4926417
Norman-Rockell-before.png,1431.157425,133.4548798,46.09170126,5467,10.934,328.7182473
oil-painting-before.png,2014.263523,106.1381989,54.75093075,7339,14.678,440.836213
old_lady_before.png,548.6876122,98.21762085,38.49016184,4273,8.546,258.1992151
Olivia_Boteler_Porter_before_and_after_before.png,269.6955151,102.3284302,63.39172586,3987,7.974,242.9141875
paint-before.jpg,367.8664118,93.9520874,25.12845525,2577,5.154,157.3310086
paint-before.png,536.5097607,88.5977478,53.63637094,3254,6.508,197.1004313
paint2-before.png,648.4496211,135.5140381,38.77877804,5295,10.59,319.2397653
painting-restoration-12-before.png,879.8930182,120.0467072,37.68395555,8955,17.91,538.4352116
painting-restoration-7-before.png,634.240139,81.64556885,26.63995064,2088,4.176,126.8542078
paintings-restoration-before.png,513.1978343,137.6589966,34.34419502,3789,7.578,229.2847768
PAS-L-BLUEBOY-0912-06-1_before.png,374.2506916,83.35922241,35.90174367,4043,8.086,245.2448852
Portrait-of-a-Woman-before.png,1088.386904,104.2775116,34.08072546,4283,8.566,257.8979475
redlady-before.jpg,1093.13026,96.3006897,47.33988043,3416,6.832,205.873968
redman-before.jpg,507.9911093,95.17105103,43.66076392,3181,6.362,192.8246709
Restoration-banner-3-before.png,129.0165371,78.6966095,30.03940352,1232,2.464,81.61132929
restoration-portrait-gallery-before.png,621.9170648,114.5410461,45.80623578,3944,7.888,238.2453501
rs_w_1023_cg_true-before.png,260.090159,88.48097229,51.17522864,4011,8.022,244.4900946
sb_Charles_Buttz_550_before.png,490.6414866,102.2545013,40.25020854,4156,8.312,251.3940025
sea-before.jpg,639.8200078,81.55361938,36.6118948,3212,6.424,194.2805006
sir-before.jpg,827.416311,134.3488922,64.44093133,7720,15.44,464.4071225
sword-before.jpg,2087.119301,88.46487427,40.4825796,11493,22.986,690.0588998
t-before.jpg,811.0440386,119.6302185,41.03456421,8233,16.466,495.2114603
the-art-doctor-before-and-after-virgin-oil-on-copper-painting-web_orig-before.png,944.296045,76.74617004,36.17229948,3195,6.39,192.7578697
tray-before.jpg,655.2353317,147.596405,31.23558772,5813,11.626,350.3038436
tree2_before.png,228.5432048,111.0903625,52.47564988,3729,7.458,228.0964783
tree_before.png,1262.193869,123.584671,46.67894615,10878,21.756,653.4716441
two_girls_before.png,292.1898815,85.63601685,38.00934075,2968,5.936,181.4907589
uncle-before.jpg,1427.897922,146.200882,60.92017086,10672,21.344,641.0198401
unnamed-oil-before.png,126.8609998,103.2555542,38.57842322,1229,2.458,81.56099312
vi-before.jpg,3861.909664,84.06430054,33.82350914,12665,25.33,760.1588722
wc-before.jpg,500.6774264,91.93907166,60.96858929,4110,8.22,248.5933127
woman_before.png,438.6488452,73.92590332,44.94586421,5906,11.812,356.6345425
