epoch,time,train/box_loss,train/seg_loss,train/cls_loss,train/dfl_loss,train/sem_loss,metrics/precision(B),metrics/recall(B),metrics/mAP50(B),metrics/mAP50-95(B),metrics/precision(M),metrics/recall(M),metrics/mAP50(M),metrics/mAP50-95(M),val/box_loss,val/seg_loss,val/cls_loss,val/dfl_loss,val/sem_loss,lr/pg0,lr/pg1,lr/pg2
1,8.30927,0,0,25.5963,0,0,0,0,0,0,0,0,0,0,0,0,24.2969,0,0,0.00014,0.00014,0.00014
2,12.2051,0,0,25.1772,0,0,0,0,0,0,0,0,0,0,0,0,25.5469,0,0,0.00029703,0.00029703,0.00029703
3,15.8275,0,0,26.1208,0,0,0,0,0,0,0,0,0,0,0,0,27.0469,0,0,0.000450892,0.000450892,0.000450892
4,19.5433,0,0,26.3796,0,0,0,0,0,0,0,0,0,0,0,0,28.9219,0,0,0.000601586,0.000601586,0.000601586
5,23.4704,0,0,25.3594,0,0,0,0,0,0,0,0,0,0,0,0,29.8594,0,0,0.000749112,0.000749112,0.000749112
6,27.0609,0,0,25.783,0,0,0,0,0,0,0,0,0,0,0,0,29.8594,0,0,0.00089347,0.00089347,0.00089347
7,31.0119,0,0,24.9914,0,0,0,0,0,0,0,0,0,0,0,0,64.75,0,0,0.00103466,0.00103466,0.00103466
8,36.3897,0,0,20.7729,0,0,0,0,0,0,0,0,0,0,0,0,64.75,0,0,0.00117268,0.00117268,0.00117268
9,41.572,0,0,20.6059,0,0,0,0,0,0,0,0,0,0,0,0,64.75,0,0,0.00130754,0.00130754,0.00130754
10,46.6497,0,0,20.3916,0,0,0,0,0,0,0,0,0,0,0,0,4.69141,0,0,0.00143922,0.00143922,0.00143922
11,51.5328,0,0,13.9867,0,0,0,0,0,0,0,0,0,0,0,0,4.69141,0,0,0.00156774,0.00156774,0.00156774
12,56.6055,0,0,13.8496,0,0,0,0,0,0,0,0,0,0,0,0,4.69141,0,0,0.00169309,0.00169309,0.00169309
13,61.5243,0,0,13.921,0,0,0,0,0,0,0,0,0,0,0,0,4.69141,0,0,0.0017624,0.0017624,0.0017624
14,66.678,0,0,13.6328,0,0,0,0,0,0,0,0,0,0,0,0,10.9844,0,0,0.0017426,0.0017426,0.0017426
15,71.672,0,0,9.43414,0,0,0,0,0,0,0,0,0,0,0,0,10.9844,0,0,0.0017228,0.0017228,0.0017228
16,77.1511,0,0,9.31849,0,0,0,0,0,0,0,0,0,0,0,0,10.9844,0,0,0.001703,0.001703,0.001703
17,83.0406,0,0,9.43104,0,0,0,0,0,0,0,0,0,0,0,0,10.9844,0,0,0.0016832,0.0016832,0.0016832
18,88.7161,0,0,9.23468,0,0,0,0,0,0,0,0,0,0,0,0,10.5859,0,0,0.0016634,0.0016634,0.0016634
19,94.3655,0,0,6.21502,0,0,0,0,0,0,0,0,0,0,0,0,10.5859,0,0,0.0016436,0.0016436,0.0016436
20,100.225,0,0,6.14001,0,0,0,0,0,0,0,0,0,0,0,0,10.5859,0,0,0.0016238,0.0016238,0.0016238
21,106.601,0,0,6.19009,0,0,0,0,0,0,0,0,0,0,0,0,10.5859,0,0,0.001604,0.001604,0.001604
22,113.568,0,0,6.0395,0,0,0,0,0,0,0,0,0,0,0,0,7.67969,0,0,0.0015842,0.0015842,0.0015842
23,120.48,0,0,4.36723,0,0,0,0,0,0,0,0,0,0,0,0,7.67969,0,0,0.0015644,0.0015644,0.0015644
24,126.92,0,0,4.38878,0,0,0,0,0,0,0,0,0,0,0,0,7.67969,0,0,0.0015446,0.0015446,0.0015446
25,133.548,0,0,4.36739,0,0,0,0,0,0,0,0,0,0,0,0,7.67969,0,0,0.0015248,0.0015248,0.0015248
26,140.091,0,0,4.29778,0,0,0,0,0,0,0,0,0,0,0,0,2.89258,0,0,0.001505,0.001505,0.001505
27,147.045,0,0,3.10835,0,0,0,0,0,0,0,0,0,0,0,0,2.89258,0,0,0.0014852,0.0014852,0.0014852
28,154.197,0,0,3.076,0,0,0,0,0,0,0,0,0,0,0,0,2.89258,0,0,0.0014654,0.0014654,0.0014654
29,161.579,0,0,3.05549,0,0,0,0,0,0,0,0,0,0,0,0,2.89258,0,0,0.0014456,0.0014456,0.0014456
30,169.701,0,0,3.02347,0,0,0,0,0,0,0,0,0,0,0,0,1.64258,0,0,0.0014258,0.0014258,0.0014258
31,177.014,0,0,2.10186,0,0,0,0,0,0,0,0,0,0,0,0,1.64258,0,0,0.001406,0.001406,0.001406
32,184.203,0,0,2.10066,0,0,0,0,0,0,0,0,0,0,0,0,1.64258,0,0,0.0013862,0.0013862,0.0013862
33,191.618,0,0,2.11564,0,0,0,0,0,0,0,0,0,0,0,0,1.64258,0,0,0.0013664,0.0013664,0.0013664
34,198.988,0,0,2.09918,0,0,0,0,0,0,0,0,0,0,0,nan,nan,0,0,0.0013466,0.0013466,0.0013466
35,206.446,0,0,1.54822,0,0,0,0,0,0,0,0,0,0,0,nan,nan,0,0,0.0013268,0.0013268,0.0013268
36,213.45,0,0,1.54193,0,0,0,0,0,0,0,0,0,0,0,nan,nan,0,0,0.001307,0.001307,0.001307
37,220.668,0,0,1.54914,0,0,0,0,0,0,0,0,0,0,0,nan,nan,0,0,0.0012872,0.0012872,0.0012872
38,227.877,0,0,1.51247,0,0,0,0,0,0,0,0,0,0,0,0,0.46875,0,0,0.0012674,0.0012674,0.0012674
39,235.213,0,0,1.07657,0,0,0,0,0,0,0,0,0,0,0,0,0.46875,0,0,0.0012476,0.0012476,0.0012476
40,242.796,0,0,1.07034,0,0,0,0,0,0,0,0,0,0,0,0,0.46875,0,0,0.0012278,0.0012278,0.0012278
41,250.887,0,0,1.07105,0,0,0,0,0,0,0,0,0,0,0,0,0.46875,0,0,0.001208,0.001208,0.001208
42,258.329,0,0,1.0505,0,0,0,0,0,0,0,0,0,0,0,0,0.08203,0,0,0.0011882,0.0011882,0.0011882
43,265.294,0,0,0.76999,0,0,0,0,0,0,0,0,0,0,0,0,0.08203,0,0,0.0011684,0.0011684,0.0011684
44,272.251,0,0,0.7668,0,0,0,0,0,0,0,0,0,0,0,0,0.08203,0,0,0.0011486,0.0011486,0.0011486
45,279.495,0,0,0.76655,0,0,0,0,0,0,0,0,0,0,0,0,0.08203,0,0,0.0011288,0.0011288,0.0011288
46,286.629,0,0,0.7488,0,0,0,0,0,0,0,0,0,0,0,0,0.16992,0,0,0.001109,0.001109,0.001109
47,293.647,0,0,0.56072,0,0,0,0,0,0,0,0,0,0,0,0,0.16992,0,0,0.0010892,0.0010892,0.0010892
48,301.338,0,0,0.55241,0,0,0,0,0,0,0,0,0,0,0,0,0.16992,0,0,0.0010694,0.0010694,0.0010694
49,308.587,0,0,0.55952,0,0,0,0,0,0,0,0,0,0,0,0,0.16992,0,0,0.0010496,0.0010496,0.0010496
50,315.913,0,0,0.54736,0,0,0,0,0,0,0,0,0,0,0,0,0,0,0,0.0010298,0.0010298,0.0010298
51,322.719,0,0,0.41721,0,0,0,0,0,0,0,0,0,0,0,0,0,0,0,0.00101,0.00101,0.00101
52,329.028,0,0,0.41629,0,0,0,0,0,0,0,0,0,0,0,0,0,0,0,0.0009902,0.0009902,0.0009902
53,335.3,0,0,0.4172,0,0,0,0,0,0,0,0,0,0,0,0,0,0,0,0.0009704,0.0009704,0.0009704
54,341.17,0,0,0.41818,0,0,0,0,0,0,0,0,0,0,0,0,0.00391,0,0,0.0009506,0.0009506,0.0009506
55,347.016,0,0,0.32182,0,0,0,0,0,0,0,0,0,0,0,0,0.00391,0,0,0.0009308,0.0009308,0.0009308
56,352.758,0,0,0.32006,0,0,0,0,0,0,0,0,0,0,0,0,0.00391,0,0,0.000911,0.000911,0.000911
57,358.365,0,0,0.31952,0,0,0,0,0,0,0,0,0,0,0,0,0.00391,0,0,0.0008912,0.0008912,0.0008912
58,364.243,0,0,0.31735,0,0,0,0,0,0,0,0,0,0,0,nan,nan,0,0,0.0008714,0.0008714,0.0008714
59,370.286,0,0,0.25085,0,0,0,0,0,0,0,0,0,0,0,nan,nan,0,0,0.0008516,0.0008516,0.0008516
60,376.233,0,0,0.25233,0,0,0,0,0,0,0,0,0,0,0,nan,nan,0,0,0.0008318,0.0008318,0.0008318
61,381.72,0,0,0.25231,0,0,0,0,0,0,0,0,0,0,0,nan,nan,0,0,0.000812,0.000812,0.000812
62,387.625,0,0,0.25051,0,0,0,0,0,0,0,0,0,0,0,nan,nan,0,0,0.0007922,0.0007922,0.0007922
63,394.544,0,0,0.2018,0,0,0,0,0,0,0,0,0,0,0,nan,nan,0,0,0.0007724,0.0007724,0.0007724
64,401.771,0,0,0.2031,0,0,0,0,0,0,0,0,0,0,0,nan,nan,0,0,0.0007526,0.0007526,0.0007526
65,408.845,0,0,0.20236,0,0,0,0,0,0,0,0,0,0,0,nan,nan,0,0,0.0007328,0.0007328,0.0007328
66,416.638,0,0,0.19968,0,0,0,0,0,0,0,0,0,0,0,0,0,0,0,0.000713,0.000713,0.000713
67,424.778,0,0,0.16678,0,0,0,0,0,0,0,0,0,0,0,0,0,0,0,0.0006932,0.0006932,0.0006932
68,433.136,0,0,0.16694,0,0,0,0,0,0,0,0,0,0,0,0,0,0,0,0.0006734,0.0006734,0.0006734
69,440.359,0,0,0.16666,0,0,0,0,0,0,0,0,0,0,0,0,0,0,0,0.0006536,0.0006536,0.0006536
70,448.813,0,0,0.16785,0,0,0,0,0,0,0,0,0,0,0,0,0,0,0,0.0006338,0.0006338,0.0006338
71,455.738,0,0,0.14369,0,0,0,0,0,0,0,0,0,0,0,0,0,0,0,0.000614,0.000614,0.000614
72,463.987,0,0,0.14582,0,0,0,0,0,0,0,0,0,0,0,0,0,0,0,0.0005942,0.0005942,0.0005942
73,472.716,0,0,0.14648,0,0,0,0,0,0,0,0,0,0,0,0,0,0,0,0.0005744,0.0005744,0.0005744
74,480.841,0,0,0.1422,0,0,0,0,0,0,0,0,0,0,0,0,0,0,0,0.0005546,0.0005546,0.0005546
75,488.752,0,0,0.12375,0,0,0,0,0,0,0,0,0,0,0,0,0,0,0,0.0005348,0.0005348,0.0005348
76,496.4,0,0,0.12391,0,0,0,0,0,0,0,0,0,0,0,0,0,0,0,0.000515,0.000515,0.000515
77,502.956,0,0,0.12418,0,0,0,0,0,0,0,0,0,0,0,0,0,0,0,0.0004952,0.0004952,0.0004952
78,509.605,0,0,0.12326,0,0,0,0,0,0,0,0,0,0,0,0,0,0,0,0.0004754,0.0004754,0.0004754
79,516.359,0,0,0.10915,0,0,0,0,0,0,0,0,0,0,0,0,0,0,0,0.0004556,0.0004556,0.0004556
80,522.574,0,0,0.10914,0,0,0,0,0,0,0,0,0,0,0,0,0,0,0,0.0004358,0.0004358,0.0004358
81,528.807,0,0,0.10975,0,0,0,0,0,0,0,0,0,0,0,0,0,0,0,0.000416,0.000416,0.000416
82,535.536,0,0,0.10809,0,0,0,0,0,0,0,0,0,0,0,0,0,0,0,0.0003962,0.0003962,0.0003962
83,543.692,0,0,0.09833,0,0,0,0,0,0,0,0,0,0,0,0,0,0,0,0.0003764,0.0003764,0.0003764
84,549.912,0,0,0.09965,0,0,0,0,0,0,0,0,0,0,0,0,0,0,0,0.0003566,0.0003566,0.0003566
85,556.177,0,0,0.09873,0,0,0,0,0,0,0,0,0,0,0,0,0,0,0,0.0003368,0.0003368,0.0003368
86,562.199,0,0,0.09802,0,0,0,0,0,0,0,0,0,0,0,nan,nan,0,0,0.000317,0.000317,0.000317
87,568.455,0,0,0.09208,0,0,0,0,0,0,0,0,0,0,0,nan,nan,0,0,0.0002972,0.0002972,0.0002972
88,574.796,0,0,0.09181,0,0,0,0,0,0,0,0,0,0,0,nan,nan,0,0,0.0002774,0.0002774,0.0002774
89,581.29,0,0,0.09103,0,0,0,0,0,0,0,0,0,0,0,nan,nan,0,0,0.0002576,0.0002576,0.0002576
90,587.452,0,0,0.09067,0,0,0,0,0,0,0,0,0,0,0,nan,nan,0,0,0.0002378,0.0002378,0.0002378
91,602.01,0,0,0.08867,0,0,0,0,0,0,0,0,0,0,0,nan,nan,0,0,0.000218,0.000218,0.000218
92,608.373,0,0,0.08967,0,0,0,0,0,0,0,0,0,0,0,nan,nan,0,0,0.0001982,0.0001982,0.0001982
93,615.637,0,0,0.08809,0,0,0,0,0,0,0,0,0,0,0,nan,nan,0,0,0.0001784,0.0001784,0.0001784
94,622.287,0,0,0.08799,0,0,0,0,0,0,0,0,0,0,0,nan,nan,0,0,0.0001586,0.0001586,0.0001586
95,628.371,0,0,0.08297,0,0,0,0,0,0,0,0,0,0,0,nan,nan,0,0,0.0001388,0.0001388,0.0001388
96,634.548,0,0,0.08362,0,0,0,0,0,0,0,0,0,0,0,nan,nan,0,0,0.000119,0.000119,0.000119
97,640.756,0,0,0.08397,0,0,0,0,0,0,0,0,0,0,0,nan,nan,0,0,9.92e-05,9.92e-05,9.92e-05
98,647.58,0,0,0.08409,0,0,0,0,0,0,0,0,0,0,0,nan,nan,0,0,7.94e-05,7.94e-05,7.94e-05
99,654.574,0,0,0.08163,0,0,0,0,0,0,0,0,0,0,0,nan,nan,0,0,5.96e-05,5.96e-05,5.96e-05
100,661.506,0,0,0.08096,0,0,0,0,0,0,0,0,0,0,0,nan,nan,0,0,3.98e-05,3.98e-05,3.98e-05
